State/ territory,SA3,SA3 Name,Sex,5 year period,Deaths,SA3 ASR,State ASR,Australia ASR 
New South Wales,10102,Queanbeyan,Persons,2014-2018,40,13.1,11.1,12.6
New South Wales,10103,Snowy Mountains,Persons,2014-2018,14,0,11.1,12.6
New South Wales,10104,South Coast,Persons,2014-2018,61,19.3,11.1,12.6
New South Wales,10105,Goulburn - Mulwaree,Persons,2014-2018,25,12.3,11.1,12.6
New South Wales,10106,Young - Yass,Persons,2014-2018,40,23.5,11.1,12.6
New South Wales,10201,Gosford,Persons,2014-2018,119,13.7,11.1,12.6
New South Wales,10202,Wyong,Persons,2014-2018,103,13,11.1,12.6
New South Wales,10301,Bathurst,Persons,2014-2018,30,11.7,11.1,12.6
New South Wales,10302,Lachlan Valley,Persons,2014-2018,50,19.5,11.1,12.6
New South Wales,10303,Lithgow - Mudgee,Persons,2014-2018,43,18.9,11.1,12.6
New South Wales,10304,Orange,Persons,2014-2018,34,12,11.1,12.6
New South Wales,10401,Clarence Valley,Persons,2014-2018,44,19.2,11.1,12.6
New South Wales,10402,Coffs Harbour,Persons,2014-2018,75,17.8,11.1,12.6
New South Wales,10501,Bourke - Cobar - Coonamble,Persons,2014-2018,18,0,11.1,12.6
New South Wales,10502,Broken Hill and Far West,Persons,2014-2018,20,17.8,11.1,12.6
New South Wales,10503,Dubbo,Persons,2014-2018,38,10.8,11.1,12.6
New South Wales,10601,Lower Hunter,Persons,2014-2018,57,13.6,11.1,12.6
New South Wales,10602,Maitland,Persons,2014-2018,43,11.7,11.1,12.6
New South Wales,10603,Port Stephens,Persons,2014-2018,58,16,11.1,12.6
New South Wales,10604,Upper Hunter,Persons,2014-2018,29,19.6,11.1,12.6
New South Wales,10701,Dapto - Port Kembla,Persons,2014-2018,38,10.7,11.1,12.6
New South Wales,10703,Kiama - Shellharbour,Persons,2014-2018,49,11.3,11.1,12.6
New South Wales,10704,Wollongong,Persons,2014-2018,75,11,11.1,12.6
New South Wales,10801,Great Lakes,Persons,2014-2018,27,19.1,11.1,12.6
New South Wales,10802,Kempsey - Nambucca,Persons,2014-2018,52,22.8,11.1,12.6
New South Wales,10804,Port Macquarie,Persons,2014-2018,41,11.5,11.1,12.6
New South Wales,10805,Taree - Gloucester,Persons,2014-2018,50,19.4,11.1,12.6
New South Wales,10901,Albury,Persons,2014-2018,51,16.8,11.1,12.6
New South Wales,10902,Lower Murray,Persons,2014-2018,11,0,11.1,12.6
New South Wales,10903,Upper Murray exc. Albury,Persons,2014-2018,30,15.8,11.1,12.6
New South Wales,11001,Armidale,Persons,2014-2018,22,11,11.1,12.6
New South Wales,11002,Inverell - Tenterfield,Persons,2014-2018,39,21.4,11.1,12.6
New South Wales,11003,Moree - Narrabri,Persons,2014-2018,23,18.5,11.1,12.6
New South Wales,11004,Tamworth - Gunnedah,Persons,2014-2018,58,13.9,11.1,12.6
New South Wales,11101,Lake Macquarie - East,Persons,2014-2018,65,10.7,11.1,12.6
New South Wales,11102,Lake Macquarie - West,Persons,2014-2018,63,17.3,11.1,12.6
New South Wales,11103,Newcastle,Persons,2014-2018,119,13.9,11.1,12.6
New South Wales,11201,Richmond Valley - Coastal,Persons,2014-2018,66,16.8,11.1,12.6
New South Wales,11202,Richmond Valley - Hinterland,Persons,2014-2018,66,18,11.1,12.6
New South Wales,11203,Tweed Valley,Persons,2014-2018,70,16,11.1,12.6
New South Wales,11301,Griffith - Murrumbidgee (West),Persons,2014-2018,37,15.2,11.1,12.6
New South Wales,11302,Tumut - Tumbarumba,Persons,2014-2018,13,0,11.1,12.6
New South Wales,11303,Wagga Wagga,Persons,2014-2018,75,16.3,11.1,12.6
New South Wales,11401,Shoalhaven,Persons,2014-2018,81,17.4,11.1,12.6
New South Wales,11402,Southern Highlands,Persons,2014-2018,39,17.4,11.1,12.6
New South Wales,11501,Baulkham Hills,Persons,2014-2018,55,7.6,11.1,12.6
New South Wales,11502,Dural - Wisemans Ferry,Persons,2014-2018,10,0,11.1,12.6
New South Wales,11503,Hawkesbury,Persons,2014-2018,22,17.1,11.1,12.6
New South Wales,11504,Rouse Hill - McGraths Hill,Persons,2014-2018,13,0,11.1,12.6
New South Wales,11601,Blacktown,Persons,2014-2018,60,8.6,11.1,12.6
New South Wales,11602,Blacktown - North,Persons,2014-2018,33,7.5,11.1,12.6
New South Wales,11603,Mount Druitt,Persons,2014-2018,62,11.3,11.1,12.6
New South Wales,11701,Botany,Persons,2014-2018,33,13.2,11.1,12.6
New South Wales,11702,Marrickville - Sydenham - Petersham,Persons,2014-2018,33,10.8,11.1,12.6
New South Wales,11703,Sydney Inner City,Persons,2014-2018,179,16.5,11.1,12.6
New South Wales,11801,Eastern Suburbs - North,Persons,2014-2018,72,10.1,11.1,12.6
New South Wales,11802,Eastern Suburbs - South,Persons,2014-2018,74,9.7,11.1,12.6
New South Wales,11901,Bankstown,Persons,2014-2018,75,8.3,11.1,12.6
New South Wales,11902,Canterbury,Persons,2014-2018,51,6.9,11.1,12.6
New South Wales,11903,Hurstville,Persons,2014-2018,55,7.9,11.1,12.6
New South Wales,11904,Kogarah - Rockdale,Persons,2014-2018,47,6.2,11.1,12.6
New South Wales,12001,Canada Bay,Persons,2014-2018,35,7.3,11.1,12.6
New South Wales,12002,Leichhardt,Persons,2014-2018,27,8.9,11.1,12.6
New South Wales,12003,Strathfield - Burwood - Ashfield,Persons,2014-2018,64,7.9,11.1,12.6
New South Wales,12101,Chatswood - Lane Cove,Persons,2014-2018,39,6.6,11.1,12.6
New South Wales,12102,Hornsby,Persons,2014-2018,43,10.2,11.1,12.6
New South Wales,12103,Ku-ring-gai,Persons,2014-2018,42,6.9,11.1,12.6
New South Wales,12104,North Sydney - Mosman,Persons,2014-2018,62,11.4,11.1,12.6
New South Wales,12201,Manly,Persons,2014-2018,22,8.7,11.1,12.6
New South Wales,12202,Pittwater,Persons,2014-2018,27,8.8,11.1,12.6
New South Wales,12203,Warringah,Persons,2014-2018,61,7.6,11.1,12.6
New South Wales,12301,Camden,Persons,2014-2018,24,7.6,11.1,12.6
New South Wales,12302,Campbelltown (NSW),Persons,2014-2018,90,10.9,11.1,12.6
New South Wales,12303,Wollondilly,Persons,2014-2018,23,10.9,11.1,12.6
New South Wales,12401,Blue Mountains,Persons,2014-2018,51,13.4,11.1,12.6
New South Wales,12403,Penrith,Persons,2014-2018,92,13,11.1,12.6
New South Wales,12404,Richmond - Windsor,Persons,2014-2018,23,12.6,11.1,12.6
New South Wales,12405,St Marys,Persons,2014-2018,32,11.6,11.1,12.6
New South Wales,12501,Auburn,Persons,2014-2018,37,7.1,11.1,12.6
New South Wales,12502,Carlingford,Persons,2014-2018,24,6.7,11.1,12.6
New South Wales,12503,Merrylands - Guildford,Persons,2014-2018,51,6.5,11.1,12.6
New South Wales,12504,Parramatta,Persons,2014-2018,52,7,11.1,12.6
New South Wales,12601,Pennant Hills - Epping,Persons,2014-2018,15,0,11.1,12.6
New South Wales,12602,Ryde - Hunters Hill,Persons,2014-2018,55,7.6,11.1,12.6
New South Wales,12701,Bringelly - Green Valley,Persons,2014-2018,45,8.8,11.1,12.6
New South Wales,12702,Fairfield,Persons,2014-2018,65,7,11.1,12.6
New South Wales,12703,Liverpool,Persons,2014-2018,48,8.3,11.1,12.6
New South Wales,12801,Cronulla - Miranda - Caringbah,Persons,2014-2018,55,9.3,11.1,12.6
New South Wales,12802,Sutherland - Menai - Heathcote,Persons,2014-2018,54,9.6,11.1,12.6
Victoria,20101,Ballarat,Persons,2014-2018,74,14.6,10.7,12.6
Victoria,20102,Creswick - Daylesford - Ballan,Persons,2014-2018,28,18.8,10.7,12.6
Victoria,20103,Maryborough - Pyrenees,Persons,2014-2018,19,0,10.7,12.6
Victoria,20201,Bendigo,Persons,2014-2018,70,14.7,10.7,12.6
Victoria,20202,Heathcote - Castlemaine - Kyneton,Persons,2014-2018,36,15.4,10.7,12.6
Victoria,20203,Loddon - Elmore,Persons,2014-2018,8,0,10.7,12.6
Victoria,20301,Barwon - West,Persons,2014-2018,18,0,10.7,12.6
Victoria,20302,Geelong,Persons,2014-2018,124,12.7,10.7,12.6
Victoria,20303,Surf Coast - Bellarine Peninsula,Persons,2014-2018,44,13.2,10.7,12.6
Victoria,20401,Upper Goulburn Valley,Persons,2014-2018,39,13.1,10.7,12.6
Victoria,20402,Wangaratta - Benalla,Persons,2014-2018,54,25.3,10.7,12.6
Victoria,20403,Wodonga - Alpine,Persons,2014-2018,53,15.5,10.7,12.6
Victoria,20501,Baw Baw,Persons,2014-2018,27,11.3,10.7,12.6
Victoria,20502,Gippsland - East,Persons,2014-2018,43,20.5,10.7,12.6
Victoria,20503,Gippsland - South West,Persons,2014-2018,31,10,10.7,12.6
Victoria,20504,Latrobe Valley,Persons,2014-2018,64,17.2,10.7,12.6
Victoria,20505,Wellington,Persons,2014-2018,30,12.9,10.7,12.6
Victoria,20601,Brunswick - Coburg,Persons,2014-2018,46,9.3,10.7,12.6
Victoria,20602,Darebin - South,Persons,2014-2018,24,8,10.7,12.6
Victoria,20603,Essendon,Persons,2014-2018,36,9.4,10.7,12.6
Victoria,20604,Melbourne City,Persons,2014-2018,78,10.6,10.7,12.6
Victoria,20605,Port Phillip,Persons,2014-2018,88,14.3,10.7,12.6
Victoria,20606,Stonnington - West,Persons,2014-2018,33,9.5,10.7,12.6
Victoria,20607,Yarra,Persons,2014-2018,46,9.7,10.7,12.6
Victoria,20701,Boroondara,Persons,2014-2018,77,8.4,10.7,12.6
Victoria,20702,Manningham - West,Persons,2014-2018,40,7.7,10.7,12.6
Victoria,20703,Whitehorse - West,Persons,2014-2018,45,8,10.7,12.6
Victoria,20801,Bayside,Persons,2014-2018,52,10.1,10.7,12.6
Victoria,20802,Glen Eira,Persons,2014-2018,74,9.2,10.7,12.6
Victoria,20803,Kingston,Persons,2014-2018,72,11.5,10.7,12.6
Victoria,20804,Stonnington - East,Persons,2014-2018,16,0,10.7,12.6
Victoria,20901,Banyule,Persons,2014-2018,46,6.8,10.7,12.6
Victoria,20902,Darebin - North,Persons,2014-2018,47,9.1,10.7,12.6
Victoria,20903,Nillumbik - Kinglake,Persons,2014-2018,40,12.7,10.7,12.6
Victoria,20904,Whittlesea - Wallan,Persons,2014-2018,102,9.4,10.7,12.6
Victoria,21001,Keilor,Persons,2014-2018,15,0,10.7,12.6
Victoria,21002,Macedon Ranges,Persons,2014-2018,25,17.8,10.7,12.6
Victoria,21003,Moreland - North,Persons,2014-2018,34,8.3,10.7,12.6
Victoria,21004,Sunbury,Persons,2014-2018,25,12.3,10.7,12.6
Victoria,21005,Tullamarine - Broadmeadows,Persons,2014-2018,58,7.3,10.7,12.6
Victoria,21101,Knox,Persons,2014-2018,75,9.1,10.7,12.6
Victoria,21102,Manningham - East,Persons,2014-2018,11,0,10.7,12.6
Victoria,21103,Maroondah,Persons,2014-2018,57,9.8,10.7,12.6
Victoria,21104,Whitehorse - East,Persons,2014-2018,29,8.9,10.7,12.6
Victoria,21105,Yarra Ranges,Persons,2014-2018,76,9.9,10.7,12.6
Victoria,21201,Cardinia,Persons,2014-2018,55,11.4,10.7,12.6
Victoria,21202,Casey - North,Persons,2014-2018,74,10.8,10.7,12.6
Victoria,21203,Casey - South,Persons,2014-2018,78,9.1,10.7,12.6
Victoria,21204,Dandenong,Persons,2014-2018,78,8,10.7,12.6
Victoria,21205,Monash,Persons,2014-2018,68,6.9,10.7,12.6
Victoria,21301,Brimbank,Persons,2014-2018,92,9.3,10.7,12.6
Victoria,21302,Hobsons Bay,Persons,2014-2018,46,9.7,10.7,12.6
Victoria,21303,Maribyrnong,Persons,2014-2018,35,7.8,10.7,12.6
Victoria,21304,Melton - Bacchus Marsh,Persons,2014-2018,88,11.5,10.7,12.6
Victoria,21305,Wyndham,Persons,2014-2018,102,9,10.7,12.6
Victoria,21401,Frankston,Persons,2014-2018,114,16.5,10.7,12.6
Victoria,21402,Mornington Peninsula,Persons,2014-2018,113,14.4,10.7,12.6
Victoria,21501,Grampians,Persons,2014-2018,42,14.1,10.7,12.6
Victoria,21502,Mildura,Persons,2014-2018,40,15.1,10.7,12.6
Victoria,21503,Murray River - Swan Hill,Persons,2014-2018,26,14.5,10.7,12.6
Victoria,21601,Campaspe,Persons,2014-2018,19,0,10.7,12.6
Victoria,21602,Moira,Persons,2014-2018,15,0,10.7,12.6
Victoria,21603,Shepparton,Persons,2014-2018,32,10.7,10.7,12.6
Victoria,21701,Glenelg - Southern Grampians,Persons,2014-2018,21,11,10.7,12.6
Victoria,21703,Colac - Corangamite,Persons,2014-2018,27,16.2,10.7,12.6
Victoria,21704,Warrnambool,Persons,2014-2018,38,14.7,10.7,12.6
Queensland,30101,Capalaba,Persons,2014-2018,52,15,15.4,12.6
Queensland,30102,Cleveland - Stradbroke,Persons,2014-2018,52,13.1,15.4,12.6
Queensland,30103,Wynnum - Manly,Persons,2014-2018,40,11.5,15.4,12.6
Queensland,30201,Bald Hills - Everton Park,Persons,2014-2018,22,10.2,15.4,12.6
Queensland,30202,Chermside,Persons,2014-2018,46,12.1,15.4,12.6
Queensland,30203,Nundah,Persons,2014-2018,28,12.5,15.4,12.6
Queensland,30204,Sandgate,Persons,2014-2018,49,16.2,15.4,12.6
Queensland,30301,Carindale,Persons,2014-2018,32,11.9,15.4,12.6
Queensland,30302,Holland Park - Yeronga,Persons,2014-2018,48,12.3,15.4,12.6
Queensland,30303,Mt Gravatt,Persons,2014-2018,40,10.7,15.4,12.6
Queensland,30304,Nathan,Persons,2014-2018,31,15.3,15.4,12.6
Queensland,30305,Rocklea - Acacia Ridge,Persons,2014-2018,37,11.6,15.4,12.6
Queensland,30306,Sunnybank,Persons,2014-2018,20,7.4,15.4,12.6
Queensland,30401,Centenary,Persons,2014-2018,16,0,15.4,12.6
Queensland,30402,Kenmore - Brookfield - Moggill,Persons,2014-2018,18,0,15.4,12.6
Queensland,30403,Sherwood - Indooroopilly,Persons,2014-2018,24,8.7,15.4,12.6
Queensland,30404,The Gap - Enoggera,Persons,2014-2018,25,9.7,15.4,12.6
Queensland,30501,Brisbane Inner,Persons,2014-2018,76,19.8,15.4,12.6
Queensland,30502,Brisbane Inner - East,Persons,2014-2018,30,12.8,15.4,12.6
Queensland,30503,Brisbane Inner - North,Persons,2014-2018,50,10.9,15.4,12.6
Queensland,30504,Brisbane Inner - West,Persons,2014-2018,26,9.2,15.4,12.6
Queensland,30601,Cairns - North,Persons,2014-2018,59,22.6,15.4,12.6
Queensland,30602,Cairns - South,Persons,2014-2018,108,21,15.4,12.6
Queensland,30603,Innisfail - Cassowary Coast,Persons,2014-2018,27,16.5,15.4,12.6
Queensland,30604,Port Douglas - Daintree,Persons,2014-2018,7,0,15.4,12.6
Queensland,30605,Tablelands (East) - Kuranda,Persons,2014-2018,55,26.5,15.4,12.6
Queensland,30701,Darling Downs (West) - Maranoa,Persons,2014-2018,41,19.4,15.4,12.6
Queensland,30702,Darling Downs - East,Persons,2014-2018,34,16.5,15.4,12.6
Queensland,30703,Granite Belt,Persons,2014-2018,31,15.8,15.4,12.6
Queensland,30801,Central Highlands (Qld),Persons,2014-2018,28,20.2,15.4,12.6
Queensland,30803,Rockhampton,Persons,2014-2018,112,19.8,15.4,12.6
Queensland,30804,Biloela,Persons,2014-2018,13,0,15.4,12.6
Queensland,30805,Gladstone,Persons,2014-2018,61,19.9,15.4,12.6
Queensland,30901,Broadbeach - Burleigh,Persons,2014-2018,45,12.8,15.4,12.6
Queensland,30902,Coolangatta,Persons,2014-2018,38,13.8,15.4,12.6
Queensland,30903,Gold Coast - North,Persons,2014-2018,65,18.6,15.4,12.6
Queensland,30904,Gold Coast Hinterland,Persons,2014-2018,15,0,15.4,12.6
Queensland,30905,Mudgeeraba - Tallebudgera,Persons,2014-2018,24,13.9,15.4,12.6
Queensland,30906,Nerang,Persons,2014-2018,62,17.8,15.4,12.6
Queensland,30907,Ormeau - Oxenford,Persons,2014-2018,70,12.5,15.4,12.6
Queensland,30908,Robina,Persons,2014-2018,28,11.2,15.4,12.6
Queensland,30909,Southport,Persons,2014-2018,51,15.8,15.4,12.6
Queensland,30910,Surfers Paradise,Persons,2014-2018,46,19.6,15.4,12.6
Queensland,31001,Forest Lake - Oxley,Persons,2014-2018,47,12.6,15.4,12.6
Queensland,31002,Ipswich Hinterland,Persons,2014-2018,66,20.4,15.4,12.6
Queensland,31003,Ipswich Inner,Persons,2014-2018,72,13.8,15.4,12.6
Queensland,31004,Springfield - Redbank,Persons,2014-2018,55,13.4,15.4,12.6
Queensland,31101,Beaudesert,Persons,2014-2018,11,0,15.4,12.6
Queensland,31102,Beenleigh,Persons,2014-2018,39,19,15.4,12.6
Queensland,31103,Browns Plains,Persons,2014-2018,58,14.7,15.4,12.6
Queensland,31104,Jimboomba,Persons,2014-2018,38,17.5,15.4,12.6
Queensland,31105,Loganlea - Carbrook,Persons,2014-2018,43,13.9,15.4,12.6
Queensland,31106,Springwood - Kingston,Persons,2014-2018,52,13.4,15.4,12.6
Queensland,31201,Bowen Basin - North,Persons,2014-2018,29,17.6,15.4,12.6
Queensland,31202,Mackay,Persons,2014-2018,109,19.2,15.4,12.6
Queensland,31203,Whitsunday,Persons,2014-2018,24,22.7,15.4,12.6
Queensland,31301,Bribie - Beachmere,Persons,2014-2018,28,17.2,15.4,12.6
Queensland,31302,Caboolture,Persons,2014-2018,56,16.7,15.4,12.6
Queensland,31303,Caboolture Hinterland,Persons,2014-2018,6,0,15.4,12.6
Queensland,31304,Narangba - Burpengary,Persons,2014-2018,45,14.6,15.4,12.6
Queensland,31305,Redcliffe,Persons,2014-2018,64,21.5,15.4,12.6
Queensland,31401,The Hills District,Persons,2014-2018,42,9.8,15.4,12.6
Queensland,31402,North Lakes,Persons,2014-2018,34,9.7,15.4,12.6
Queensland,31403,Strathpine,Persons,2014-2018,33,17.2,15.4,12.6
Queensland,31501,Far North,Persons,2014-2018,32,19.2,15.4,12.6
Queensland,31502,Outback - North,Persons,2014-2018,39,25.6,15.4,12.6
Queensland,31503,Outback - South,Persons,2014-2018,27,31,15.4,12.6
Queensland,31601,Buderim,Persons,2014-2018,32,11.9,15.4,12.6
Queensland,31602,Caloundra,Persons,2014-2018,59,15.6,15.4,12.6
Queensland,31603,Maroochy,Persons,2014-2018,44,14.7,15.4,12.6
Queensland,31605,Noosa,Persons,2014-2018,39,15.3,15.4,12.6
Queensland,31606,Sunshine Coast Hinterland,Persons,2014-2018,33,14,15.4,12.6
Queensland,31607,Nambour,Persons,2014-2018,32,15.7,15.4,12.6
Queensland,31608,Noosa Hinterland,Persons,2014-2018,23,20.9,15.4,12.6
Queensland,31701,Toowoomba,Persons,2014-2018,94,13,15.4,12.6
Queensland,31801,Charters Towers - Ayr - Ingham,Persons,2014-2018,44,21.5,15.4,12.6
Queensland,31802,Townsville,Persons,2014-2018,160,16.8,15.4,12.6
Queensland,31901,Bundaberg,Persons,2014-2018,84,20.4,15.4,12.6
Queensland,31902,Burnett,Persons,2014-2018,61,26.2,15.4,12.6
Queensland,31903,Gympie - Cooloola,Persons,2014-2018,44,19.4,15.4,12.6
Queensland,31904,Hervey Bay,Persons,2014-2018,57,20.1,15.4,12.6
Queensland,31905,Maryborough,Persons,2014-2018,52,24.6,15.4,12.6
South Australia,40101,Adelaide City,Persons,2014-2018,21,18.5,13.1,12.6
South Australia,40102,Adelaide Hills,Persons,2014-2018,46,12.3,13.1,12.6
South Australia,40103,Burnside,Persons,2014-2018,30,12.5,13.1,12.6
South Australia,40104,Campbelltown (SA),Persons,2014-2018,24,9.1,13.1,12.6
South Australia,40105,Norwood - Payneham - St Peters,Persons,2014-2018,35,17.3,13.1,12.6
South Australia,40106,Prospect - Walkerville,Persons,2014-2018,17,0,13.1,12.6
South Australia,40107,Unley,Persons,2014-2018,18,0,13.1,12.6
South Australia,40201,Gawler - Two Wells,Persons,2014-2018,23,14.1,13.1,12.6
South Australia,40202,Playford,Persons,2014-2018,65,15.6,13.1,12.6
South Australia,40203,Port Adelaide - East,Persons,2014-2018,40,10.8,13.1,12.6
South Australia,40204,Salisbury,Persons,2014-2018,102,14.8,13.1,12.6
South Australia,40205,Tea Tree Gully,Persons,2014-2018,44,8.7,13.1,12.6
South Australia,40301,Holdfast Bay,Persons,2014-2018,32,16.3,13.1,12.6
South Australia,40302,Marion,Persons,2014-2018,61,13,13.1,12.6
South Australia,40303,Mitcham,Persons,2014-2018,40,11.8,13.1,12.6
South Australia,40304,Onkaparinga,Persons,2014-2018,111,13.4,13.1,12.6
South Australia,40401,Charles Sturt,Persons,2014-2018,62,10.6,13.1,12.6
South Australia,40402,Port Adelaide - West,Persons,2014-2018,43,14.3,13.1,12.6
South Australia,40403,West Torrens,Persons,2014-2018,38,12.1,13.1,12.6
South Australia,40501,Barossa,Persons,2014-2018,17,0,13.1,12.6
South Australia,40502,Lower North,Persons,2014-2018,13,0,13.1,12.6
South Australia,40503,Mid North,Persons,2014-2018,16,0,13.1,12.6
South Australia,40504,Yorke Peninsula,Persons,2014-2018,22,15.3,13.1,12.6
South Australia,40601,Eyre Peninsula and South West,Persons,2014-2018,40,14.8,13.1,12.6
South Australia,40602,Outback - North and East,Persons,2014-2018,13,0,13.1,12.6
South Australia,40701,Fleurieu - Kangaroo Island,Persons,2014-2018,47,18.5,13.1,12.6
South Australia,40702,Limestone Coast,Persons,2014-2018,53,16.9,13.1,12.6
South Australia,40703,Murray and Mallee,Persons,2014-2018,54,16.6,13.1,12.6
Western Australia,50101,Augusta - Margaret River - Busselton,Persons,2014-2018,52,19.6,15.1,12.6
Western Australia,50102,Bunbury,Persons,2014-2018,91,18.7,15.1,12.6
Western Australia,50103,Manjimup,Persons,2014-2018,20,15.5,15.1,12.6
Western Australia,50201,Mandurah,Persons,2014-2018,101,21.2,15.1,12.6
Western Australia,50301,Cottesloe - Claremont,Persons,2014-2018,47,13.7,15.1,12.6
Western Australia,50302,Perth City,Persons,2014-2018,74,12.7,15.1,12.6
Western Australia,50401,Bayswater - Bassendean,Persons,2014-2018,64,14.9,15.1,12.6
Western Australia,50402,Mundaring,Persons,2014-2018,39,18.3,15.1,12.6
Western Australia,50403,Swan,Persons,2014-2018,93,14.3,15.1,12.6
Western Australia,50501,Joondalup,Persons,2014-2018,101,13,15.1,12.6
Western Australia,50502,Stirling,Persons,2014-2018,136,12.9,15.1,12.6
Western Australia,50503,Wanneroo,Persons,2014-2018,100,10.8,15.1,12.6
Western Australia,50601,Armadale,Persons,2014-2018,56,13.7,15.1,12.6
Western Australia,50602,Belmont - Victoria Park,Persons,2014-2018,50,12.9,15.1,12.6
Western Australia,50603,Canning,Persons,2014-2018,52,10.8,15.1,12.6
Western Australia,50604,Gosnells,Persons,2014-2018,85,14.1,15.1,12.6
Western Australia,50605,Kalamunda,Persons,2014-2018,48,16.4,15.1,12.6
Western Australia,50606,Serpentine - Jarrahdale,Persons,2014-2018,15,0,15.1,12.6
Western Australia,50607,South Perth,Persons,2014-2018,24,10.3,15.1,12.6
Western Australia,50701,Cockburn,Persons,2014-2018,61,11.5,15.1,12.6
Western Australia,50702,Fremantle,Persons,2014-2018,33,16.7,15.1,12.6
Western Australia,50703,Kwinana,Persons,2014-2018,33,17.2,15.1,12.6
Western Australia,50704,Melville,Persons,2014-2018,62,11.9,15.1,12.6
Western Australia,50705,Rockingham,Persons,2014-2018,117,18.4,15.1,12.6
Western Australia,50901,Albany,Persons,2014-2018,44,14.5,15.1,12.6
Western Australia,50902,Wheat Belt - North,Persons,2014-2018,51,20.2,15.1,12.6
Western Australia,50903,Wheat Belt - South,Persons,2014-2018,16,0,15.1,12.6
Western Australia,51001,Kimberley,Persons,2014-2018,74,42,15.1,12.6
Western Australia,51002,East Pilbara,Persons,2014-2018,18,0,15.1,12.6
Western Australia,51003,West Pilbara,Persons,2014-2018,18,0,15.1,12.6
Western Australia,51101,Esperance,Persons,2014-2018,12,0,15.1,12.6
Western Australia,51102,Gascoyne,Persons,2014-2018,11,0,15.1,12.6
Western Australia,51103,Goldfields,Persons,2014-2018,46,22.6,15.1,12.6
Western Australia,51104,Mid West,Persons,2014-2018,70,25.3,15.1,12.6
Tasmania,60101,Brighton,Persons,2014-2018,9,0,15.3,12.6
Tasmania,60102,Hobart - North East,Persons,2014-2018,35,12.8,15.3,12.6
Tasmania,60103,Hobart - North West,Persons,2014-2018,49,17.2,15.3,12.6
Tasmania,60104,Hobart - South and West,Persons,2014-2018,18,0,15.3,12.6
Tasmania,60105,Hobart Inner,Persons,2014-2018,33,12.1,15.3,12.6
Tasmania,60106,Sorell - Dodges Ferry,Persons,2014-2018,12,0,15.3,12.6
Tasmania,60201,Launceston,Persons,2014-2018,62,14.9,15.3,12.6
Tasmania,60202,Meander Valley - West Tamar,Persons,2014-2018,27,25.5,15.3,12.6
Tasmania,60203,North East,Persons,2014-2018,41,21.6,15.3,12.6
Tasmania,60301,Central Highlands (Tas.),Persons,2014-2018,14,0,15.3,12.6
Tasmania,60302,Huon - Bruny Island,Persons,2014-2018,15,0,15.3,12.6
Tasmania,60303,South East Coast,Persons,2014-2018,7,0,15.3,12.6
Tasmania,60401,Burnie - Ulverstone,Persons,2014-2018,36,14.5,15.3,12.6
Tasmania,60402,Devonport,Persons,2014-2018,25,11.6,15.3,12.6
Tasmania,60403,West Coast,Persons,2014-2018,18,0,15.3,12.6
Northern Territory,70101,Darwin City,Persons,2014-2018,24,17.2,20.3,12.6
Northern Territory,70102,Darwin Suburbs,Persons,2014-2018,45,16,20.3,12.6
Northern Territory,70103,Litchfield,Persons,2014-2018,33,26.3,20.3,12.6
Northern Territory,70104,Palmerston,Persons,2014-2018,24,15.2,20.3,12.6
Northern Territory,70201,Alice Springs,Persons,2014-2018,45,22.2,20.3,12.6
Northern Territory,70202,Barkly,Persons,2014-2018,8,0,20.3,12.6
Northern Territory,70203,Daly - Tiwi - West Arnhem,Persons,2014-2018,19,0,20.3,12.6
Northern Territory,70204,East Arnhem,Persons,2014-2018,19,0,20.3,12.6
Northern Territory,70205,Katherine,Persons,2014-2018,23,20.8,20.3,12.6
Australian Capital Territory,80101,Belconnen,Persons,2014-2018,54,11,10.8,12.6
Australian Capital Territory,80103,Canberra East,Persons,2014-2018,3,0,10.8,12.6
Australian Capital Territory,80104,Gungahlin,Persons,2014-2018,17,0,10.8,12.6
Australian Capital Territory,80105,North Canberra,Persons,2014-2018,35,12,10.8,12.6
Australian Capital Territory,80106,South Canberra,Persons,2014-2018,21,13.7,10.8,12.6
Australian Capital Territory,80107,Tuggeranong,Persons,2014-2018,58,14.1,10.8,12.6
Australian Capital Territory,80108,Weston Creek,Persons,2014-2018,10,0,10.8,12.6
Australian Capital Territory,80109,Woden Valley,Persons,2014-2018,21,11.2,10.8,12.6
New South Wales,10102,Queanbeyan,Persons,2015-2019,45,14.7,11.2,12.7
New South Wales,10103,Snowy Mountains,Persons,2015-2019,16,0,11.2,12.7
New South Wales,10104,South Coast,Persons,2015-2019,69,21.6,11.2,12.7
New South Wales,10105,Goulburn - Mulwaree,Persons,2015-2019,27,13.5,11.2,12.7
New South Wales,10106,Young - Yass,Persons,2015-2019,37,22,11.2,12.7
New South Wales,10201,Gosford,Persons,2015-2019,115,13.2,11.2,12.7
New South Wales,10202,Wyong,Persons,2015-2019,119,14.6,11.2,12.7
New South Wales,10301,Bathurst,Persons,2015-2019,31,12.2,11.2,12.7
New South Wales,10302,Lachlan Valley,Persons,2015-2019,44,17.1,11.2,12.7
New South Wales,10303,Lithgow - Mudgee,Persons,2015-2019,37,16.2,11.2,12.7
New South Wales,10304,Orange,Persons,2015-2019,37,13.3,11.2,12.7
New South Wales,10401,Clarence Valley,Persons,2015-2019,48,21,11.2,12.7
New South Wales,10402,Coffs Harbour,Persons,2015-2019,76,18.3,11.2,12.7
New South Wales,10501,Bourke - Cobar - Coonamble,Persons,2015-2019,12,0,11.2,12.7
New South Wales,10502,Broken Hill and Far West,Persons,2015-2019,23,20.4,11.2,12.7
New South Wales,10503,Dubbo,Persons,2015-2019,51,14.2,11.2,12.7
New South Wales,10601,Lower Hunter,Persons,2015-2019,70,16.3,11.2,12.7
New South Wales,10602,Maitland,Persons,2015-2019,45,11.9,11.2,12.7
New South Wales,10603,Port Stephens,Persons,2015-2019,53,13.9,11.2,12.7
New South Wales,10604,Upper Hunter,Persons,2015-2019,31,21.2,11.2,12.7
New South Wales,10701,Dapto - Port Kembla,Persons,2015-2019,38,10.4,11.2,12.7
New South Wales,10703,Kiama - Shellharbour,Persons,2015-2019,60,14.1,11.2,12.7
New South Wales,10704,Wollongong,Persons,2015-2019,81,11.7,11.2,12.7
New South Wales,10801,Great Lakes,Persons,2015-2019,27,19.7,11.2,12.7
New South Wales,10802,Kempsey - Nambucca,Persons,2015-2019,46,20.9,11.2,12.7
New South Wales,10804,Port Macquarie,Persons,2015-2019,52,13.8,11.2,12.7
New South Wales,10805,Taree - Gloucester,Persons,2015-2019,55,21.4,11.2,12.7
New South Wales,10901,Albury,Persons,2015-2019,62,20.2,11.2,12.7
New South Wales,10902,Lower Murray,Persons,2015-2019,13,0,11.2,12.7
New South Wales,10903,Upper Murray exc. Albury,Persons,2015-2019,32,16.4,11.2,12.7
New South Wales,11001,Armidale,Persons,2015-2019,24,11.9,11.2,12.7
New South Wales,11002,Inverell - Tenterfield,Persons,2015-2019,40,21.4,11.2,12.7
New South Wales,11003,Moree - Narrabri,Persons,2015-2019,21,17.9,11.2,12.7
New South Wales,11004,Tamworth - Gunnedah,Persons,2015-2019,67,15.7,11.2,12.7
New South Wales,11101,Lake Macquarie - East,Persons,2015-2019,86,14.8,11.2,12.7
New South Wales,11102,Lake Macquarie - West,Persons,2015-2019,61,16.7,11.2,12.7
New South Wales,11103,Newcastle,Persons,2015-2019,121,14.1,11.2,12.7
New South Wales,11201,Richmond Valley - Coastal,Persons,2015-2019,71,18.3,11.2,12.7
New South Wales,11202,Richmond Valley - Hinterland,Persons,2015-2019,66,18.4,11.2,12.7
New South Wales,11203,Tweed Valley,Persons,2015-2019,74,17.2,11.2,12.7
New South Wales,11301,Griffith - Murrumbidgee (West),Persons,2015-2019,36,15.1,11.2,12.7
New South Wales,11302,Tumut - Tumbarumba,Persons,2015-2019,14,0,11.2,12.7
New South Wales,11303,Wagga Wagga,Persons,2015-2019,79,17,11.2,12.7
New South Wales,11401,Shoalhaven,Persons,2015-2019,90,18.8,11.2,12.7
New South Wales,11402,Southern Highlands,Persons,2015-2019,42,18.2,11.2,12.7
New South Wales,11501,Baulkham Hills,Persons,2015-2019,48,6.4,11.2,12.7
New South Wales,11502,Dural - Wisemans Ferry,Persons,2015-2019,12,0,11.2,12.7
New South Wales,11503,Hawkesbury,Persons,2015-2019,17,0,11.2,12.7
New South Wales,11504,Rouse Hill - McGraths Hill,Persons,2015-2019,13,0,11.2,12.7
New South Wales,11601,Blacktown,Persons,2015-2019,53,7.3,11.2,12.7
New South Wales,11602,Blacktown - North,Persons,2015-2019,36,7.2,11.2,12.7
New South Wales,11603,Mount Druitt,Persons,2015-2019,63,11.3,11.2,12.7
New South Wales,11701,Botany,Persons,2015-2019,27,10.4,11.2,12.7
New South Wales,11702,Marrickville - Sydenham - Petersham,Persons,2015-2019,33,11.1,11.2,12.7
New South Wales,11703,Sydney Inner City,Persons,2015-2019,175,15.1,11.2,12.7
New South Wales,11801,Eastern Suburbs - North,Persons,2015-2019,73,10.1,11.2,12.7
New South Wales,11802,Eastern Suburbs - South,Persons,2015-2019,72,9.1,11.2,12.7
New South Wales,11901,Bankstown,Persons,2015-2019,75,8.2,11.2,12.7
New South Wales,11902,Canterbury,Persons,2015-2019,52,6.8,11.2,12.7
New South Wales,11903,Hurstville,Persons,2015-2019,50,7,11.2,12.7
New South Wales,11904,Kogarah - Rockdale,Persons,2015-2019,47,5.9,11.2,12.7
New South Wales,12001,Canada Bay,Persons,2015-2019,33,6.9,11.2,12.7
New South Wales,12002,Leichhardt,Persons,2015-2019,30,9.7,11.2,12.7
New South Wales,12003,Strathfield - Burwood - Ashfield,Persons,2015-2019,65,7.7,11.2,12.7
New South Wales,12101,Chatswood - Lane Cove,Persons,2015-2019,42,7,11.2,12.7
New South Wales,12102,Hornsby,Persons,2015-2019,42,9.8,11.2,12.7
New South Wales,12103,Ku-ring-gai,Persons,2015-2019,42,7,11.2,12.7
New South Wales,12104,North Sydney - Mosman,Persons,2015-2019,54,9.8,11.2,12.7
New South Wales,12201,Manly,Persons,2015-2019,22,8.8,11.2,12.7
New South Wales,12202,Pittwater,Persons,2015-2019,24,7.5,11.2,12.7
New South Wales,12203,Warringah,Persons,2015-2019,61,7.3,11.2,12.7
New South Wales,12301,Camden,Persons,2015-2019,25,7.7,11.2,12.7
New South Wales,12302,Campbelltown (NSW),Persons,2015-2019,85,10.2,11.2,12.7
New South Wales,12303,Wollondilly,Persons,2015-2019,27,12.5,11.2,12.7
New South Wales,12401,Blue Mountains,Persons,2015-2019,50,12.9,11.2,12.7
New South Wales,12403,Penrith,Persons,2015-2019,83,11.5,11.2,12.7
New South Wales,12404,Richmond - Windsor,Persons,2015-2019,22,11.5,11.2,12.7
New South Wales,12405,St Marys,Persons,2015-2019,37,13.3,11.2,12.7
New South Wales,12501,Auburn,Persons,2015-2019,34,6.7,11.2,12.7
New South Wales,12502,Carlingford,Persons,2015-2019,32,8.9,11.2,12.7
New South Wales,12503,Merrylands - Guildford,Persons,2015-2019,52,6.5,11.2,12.7
New South Wales,12504,Parramatta,Persons,2015-2019,47,6.1,11.2,12.7
New South Wales,12601,Pennant Hills - Epping,Persons,2015-2019,12,0,11.2,12.7
New South Wales,12602,Ryde - Hunters Hill,Persons,2015-2019,54,7.4,11.2,12.7
New South Wales,12701,Bringelly - Green Valley,Persons,2015-2019,51,9.5,11.2,12.7
New South Wales,12702,Fairfield,Persons,2015-2019,66,6.9,11.2,12.7
New South Wales,12703,Liverpool,Persons,2015-2019,50,8.2,11.2,12.7
New South Wales,12801,Cronulla - Miranda - Caringbah,Persons,2015-2019,51,8.6,11.2,12.7
New South Wales,12802,Sutherland - Menai - Heathcote,Persons,2015-2019,53,9.2,11.2,12.7
Victoria,20101,Ballarat,Persons,2015-2019,79,15.1,10.7,12.7
Victoria,20102,Creswick - Daylesford - Ballan,Persons,2015-2019,25,15.2,10.7,12.7
Victoria,20103,Maryborough - Pyrenees,Persons,2015-2019,16,0,10.7,12.7
Victoria,20201,Bendigo,Persons,2015-2019,74,15.5,10.7,12.7
Victoria,20202,Heathcote - Castlemaine - Kyneton,Persons,2015-2019,37,16.2,10.7,12.7
Victoria,20203,Loddon - Elmore,Persons,2015-2019,8,0,10.7,12.7
Victoria,20301,Barwon - West,Persons,2015-2019,23,24.4,10.7,12.7
Victoria,20302,Geelong,Persons,2015-2019,132,13,10.7,12.7
Victoria,20303,Surf Coast - Bellarine Peninsula,Persons,2015-2019,41,11.8,10.7,12.7
Victoria,20401,Upper Goulburn Valley,Persons,2015-2019,36,12.3,10.7,12.7
Victoria,20402,Wangaratta - Benalla,Persons,2015-2019,54,24.8,10.7,12.7
Victoria,20403,Wodonga - Alpine,Persons,2015-2019,44,12.6,10.7,12.7
Victoria,20501,Baw Baw,Persons,2015-2019,25,10.7,10.7,12.7
Victoria,20502,Gippsland - East,Persons,2015-2019,41,22,10.7,12.7
Victoria,20503,Gippsland - South West,Persons,2015-2019,36,12.2,10.7,12.7
Victoria,20504,Latrobe Valley,Persons,2015-2019,60,16.3,10.7,12.7
Victoria,20505,Wellington,Persons,2015-2019,28,12.6,10.7,12.7
Victoria,20601,Brunswick - Coburg,Persons,2015-2019,43,8.1,10.7,12.7
Victoria,20602,Darebin - South,Persons,2015-2019,24,8.4,10.7,12.7
Victoria,20603,Essendon,Persons,2015-2019,32,8.3,10.7,12.7
Victoria,20604,Melbourne City,Persons,2015-2019,75,8.9,10.7,12.7
Victoria,20605,Port Phillip,Persons,2015-2019,84,13.9,10.7,12.7
Victoria,20606,Stonnington - West,Persons,2015-2019,32,8.7,10.7,12.7
Victoria,20607,Yarra,Persons,2015-2019,48,9.5,10.7,12.7
Victoria,20701,Boroondara,Persons,2015-2019,89,9.6,10.7,12.7
Victoria,20702,Manningham - West,Persons,2015-2019,36,7,10.7,12.7
Victoria,20703,Whitehorse - West,Persons,2015-2019,42,7.5,10.7,12.7
Victoria,20801,Bayside,Persons,2015-2019,51,9.7,10.7,12.7
Victoria,20802,Glen Eira,Persons,2015-2019,82,10,10.7,12.7
Victoria,20803,Kingston,Persons,2015-2019,73,11.4,10.7,12.7
Victoria,20804,Stonnington - East,Persons,2015-2019,14,0,10.7,12.7
Victoria,20901,Banyule,Persons,2015-2019,47,6.8,10.7,12.7
Victoria,20902,Darebin - North,Persons,2015-2019,49,9.3,10.7,12.7
Victoria,20903,Nillumbik - Kinglake,Persons,2015-2019,39,11.9,10.7,12.7
Victoria,20904,Whittlesea - Wallan,Persons,2015-2019,93,8.2,10.7,12.7
Victoria,21001,Keilor,Persons,2015-2019,20,6.3,10.7,12.7
Victoria,21002,Macedon Ranges,Persons,2015-2019,21,14.8,10.7,12.7
Victoria,21003,Moreland - North,Persons,2015-2019,38,9.3,10.7,12.7
Victoria,21004,Sunbury,Persons,2015-2019,27,12.7,10.7,12.7
Victoria,21005,Tullamarine - Broadmeadows,Persons,2015-2019,67,8,10.7,12.7
Victoria,21101,Knox,Persons,2015-2019,80,9.8,10.7,12.7
Victoria,21102,Manningham - East,Persons,2015-2019,13,0,10.7,12.7
Victoria,21103,Maroondah,Persons,2015-2019,67,11.5,10.7,12.7
Victoria,21104,Whitehorse - East,Persons,2015-2019,29,8.6,10.7,12.7
Victoria,21105,Yarra Ranges,Persons,2015-2019,85,11.1,10.7,12.7
Victoria,21201,Cardinia,Persons,2015-2019,57,11.3,10.7,12.7
Victoria,21202,Casey - North,Persons,2015-2019,81,11.4,10.7,12.7
Victoria,21203,Casey - South,Persons,2015-2019,75,8.2,10.7,12.7
Victoria,21204,Dandenong,Persons,2015-2019,74,7.4,10.7,12.7
Victoria,21205,Monash,Persons,2015-2019,67,6.8,10.7,12.7
Victoria,21301,Brimbank,Persons,2015-2019,81,8,10.7,12.7
Victoria,21302,Hobsons Bay,Persons,2015-2019,52,10.8,10.7,12.7
Victoria,21303,Maribyrnong,Persons,2015-2019,37,7.3,10.7,12.7
Victoria,21304,Melton - Bacchus Marsh,Persons,2015-2019,87,10.7,10.7,12.7
Victoria,21305,Wyndham,Persons,2015-2019,106,8.8,10.7,12.7
Victoria,21401,Frankston,Persons,2015-2019,121,17.4,10.7,12.7
Victoria,21402,Mornington Peninsula,Persons,2015-2019,110,13.5,10.7,12.7
Victoria,21501,Grampians,Persons,2015-2019,47,16.1,10.7,12.7
Victoria,21502,Mildura,Persons,2015-2019,52,19.7,10.7,12.7
Victoria,21503,Murray River - Swan Hill,Persons,2015-2019,27,15.2,10.7,12.7
Victoria,21601,Campaspe,Persons,2015-2019,20,11.1,10.7,12.7
Victoria,21602,Moira,Persons,2015-2019,18,0,10.7,12.7
Victoria,21603,Shepparton,Persons,2015-2019,42,13.9,10.7,12.7
Victoria,21701,Glenelg - Southern Grampians,Persons,2015-2019,24,12.8,10.7,12.7
Victoria,21703,Colac - Corangamite,Persons,2015-2019,18,0,10.7,12.7
Victoria,21704,Warrnambool,Persons,2015-2019,30,11.6,10.7,12.7
Queensland,30101,Capalaba,Persons,2015-2019,60,17.3,15.7,12.7
Queensland,30102,Cleveland - Stradbroke,Persons,2015-2019,48,11.6,15.7,12.7
Queensland,30103,Wynnum - Manly,Persons,2015-2019,46,13.1,15.7,12.7
Queensland,30201,Bald Hills - Everton Park,Persons,2015-2019,22,10.1,15.7,12.7
Queensland,30202,Chermside,Persons,2015-2019,43,11.3,15.7,12.7
Queensland,30203,Nundah,Persons,2015-2019,29,12.6,15.7,12.7
Queensland,30204,Sandgate,Persons,2015-2019,48,15.8,15.7,12.7
Queensland,30301,Carindale,Persons,2015-2019,31,11.3,15.7,12.7
Queensland,30302,Holland Park - Yeronga,Persons,2015-2019,53,13.4,15.7,12.7
Queensland,30303,Mt Gravatt,Persons,2015-2019,43,11.3,15.7,12.7
Queensland,30304,Nathan,Persons,2015-2019,25,12.1,15.7,12.7
Queensland,30305,Rocklea - Acacia Ridge,Persons,2015-2019,43,13.4,15.7,12.7
Queensland,30306,Sunnybank,Persons,2015-2019,21,7.5,15.7,12.7
Queensland,30401,Centenary,Persons,2015-2019,15,0,15.7,12.7
Queensland,30402,Kenmore - Brookfield - Moggill,Persons,2015-2019,14,0,15.7,12.7
Queensland,30403,Sherwood - Indooroopilly,Persons,2015-2019,22,7.6,15.7,12.7
Queensland,30404,The Gap - Enoggera,Persons,2015-2019,27,10.1,15.7,12.7
Queensland,30501,Brisbane Inner,Persons,2015-2019,80,19.2,15.7,12.7
Queensland,30502,Brisbane Inner - East,Persons,2015-2019,33,14.4,15.7,12.7
Queensland,30503,Brisbane Inner - North,Persons,2015-2019,56,11.6,15.7,12.7
Queensland,30504,Brisbane Inner - West,Persons,2015-2019,32,10.8,15.7,12.7
Queensland,30601,Cairns - North,Persons,2015-2019,60,22.7,15.7,12.7
Queensland,30602,Cairns - South,Persons,2015-2019,112,21.5,15.7,12.7
Queensland,30603,Innisfail - Cassowary Coast,Persons,2015-2019,27,16,15.7,12.7
Queensland,30604,Port Douglas - Daintree,Persons,2015-2019,7,0,15.7,12.7
Queensland,30605,Tablelands (East) - Kuranda,Persons,2015-2019,52,26.9,15.7,12.7
Queensland,30701,Darling Downs (West) - Maranoa,Persons,2015-2019,38,18.5,15.7,12.7
Queensland,30702,Darling Downs - East,Persons,2015-2019,33,15.9,15.7,12.7
Queensland,30703,Granite Belt,Persons,2015-2019,32,17.3,15.7,12.7
Queensland,30801,Central Highlands (Qld),Persons,2015-2019,34,24.8,15.7,12.7
Queensland,30803,Rockhampton,Persons,2015-2019,112,19.8,15.7,12.7
Queensland,30804,Biloela,Persons,2015-2019,12,0,15.7,12.7
Queensland,30805,Gladstone,Persons,2015-2019,62,20.5,15.7,12.7
Queensland,30901,Broadbeach - Burleigh,Persons,2015-2019,43,12.2,15.7,12.7
Queensland,30902,Coolangatta,Persons,2015-2019,39,13.9,15.7,12.7
Queensland,30903,Gold Coast - North,Persons,2015-2019,54,15.1,15.7,12.7
Queensland,30904,Gold Coast Hinterland,Persons,2015-2019,12,0,15.7,12.7
Queensland,30905,Mudgeeraba - Tallebudgera,Persons,2015-2019,27,15.1,15.7,12.7
Queensland,30906,Nerang,Persons,2015-2019,61,16.9,15.7,12.7
Queensland,30907,Ormeau - Oxenford,Persons,2015-2019,88,14.7,15.7,12.7
Queensland,30908,Robina,Persons,2015-2019,27,10.6,15.7,12.7
Queensland,30909,Southport,Persons,2015-2019,45,13.5,15.7,12.7
Queensland,30910,Surfers Paradise,Persons,2015-2019,51,20.7,15.7,12.7
Queensland,31001,Forest Lake - Oxley,Persons,2015-2019,43,11.2,15.7,12.7
Queensland,31002,Ipswich Hinterland,Persons,2015-2019,68,20.1,15.7,12.7
Queensland,31003,Ipswich Inner,Persons,2015-2019,83,15.5,15.7,12.7
Queensland,31004,Springfield - Redbank,Persons,2015-2019,63,15,15.7,12.7
Queensland,31101,Beaudesert,Persons,2015-2019,10,0,15.7,12.7
Queensland,31102,Beenleigh,Persons,2015-2019,44,21.1,15.7,12.7
Queensland,31103,Browns Plains,Persons,2015-2019,71,17.8,15.7,12.7
Queensland,31104,Jimboomba,Persons,2015-2019,35,15.1,15.7,12.7
Queensland,31105,Loganlea - Carbrook,Persons,2015-2019,45,14.3,15.7,12.7
Queensland,31106,Springwood - Kingston,Persons,2015-2019,59,15.3,15.7,12.7
Queensland,31201,Bowen Basin - North,Persons,2015-2019,29,18.4,15.7,12.7
Queensland,31202,Mackay,Persons,2015-2019,106,18.8,15.7,12.7
Queensland,31203,Whitsunday,Persons,2015-2019,25,22.9,15.7,12.7
Queensland,31301,Bribie - Beachmere,Persons,2015-2019,28,17.3,15.7,12.7
Queensland,31302,Caboolture,Persons,2015-2019,55,16,15.7,12.7
Queensland,31303,Caboolture Hinterland,Persons,2015-2019,8,0,15.7,12.7
Queensland,31304,Narangba - Burpengary,Persons,2015-2019,48,15.3,15.7,12.7
Queensland,31305,Redcliffe,Persons,2015-2019,68,23.7,15.7,12.7
Queensland,31401,The Hills District,Persons,2015-2019,44,9.9,15.7,12.7
Queensland,31402,North Lakes,Persons,2015-2019,43,11.5,15.7,12.7
Queensland,31403,Strathpine,Persons,2015-2019,36,18.8,15.7,12.7
Queensland,31501,Far North,Persons,2015-2019,34,22.2,15.7,12.7
Queensland,31502,Outback - North,Persons,2015-2019,40,26.9,15.7,12.7
Queensland,31503,Outback - South,Persons,2015-2019,23,27.7,15.7,12.7
Queensland,31601,Buderim,Persons,2015-2019,36,12.8,15.7,12.7
Queensland,31602,Caloundra,Persons,2015-2019,59,14.6,15.7,12.7
Queensland,31603,Maroochy,Persons,2015-2019,32,10.5,15.7,12.7
Queensland,31605,Noosa,Persons,2015-2019,45,18,15.7,12.7
Queensland,31606,Sunshine Coast Hinterland,Persons,2015-2019,31,12.9,15.7,12.7
Queensland,31607,Nambour,Persons,2015-2019,30,14.2,15.7,12.7
Queensland,31608,Noosa Hinterland,Persons,2015-2019,22,18.6,15.7,12.7
Queensland,31701,Toowoomba,Persons,2015-2019,108,14.8,15.7,12.7
Queensland,31801,Charters Towers - Ayr - Ingham,Persons,2015-2019,40,19.7,15.7,12.7
Queensland,31802,Townsville,Persons,2015-2019,181,18.8,15.7,12.7
Queensland,31901,Bundaberg,Persons,2015-2019,92,22.1,15.7,12.7
Queensland,31902,Burnett,Persons,2015-2019,67,29,15.7,12.7
Queensland,31903,Gympie - Cooloola,Persons,2015-2019,41,16,15.7,12.7
Queensland,31904,Hervey Bay,Persons,2015-2019,61,21.5,15.7,12.7
Queensland,31905,Maryborough,Persons,2015-2019,45,21.1,15.7,12.7
South Australia,40101,Adelaide City,Persons,2015-2019,20,16.6,13,12.7
South Australia,40102,Adelaide Hills,Persons,2015-2019,41,10.8,13,12.7
South Australia,40103,Burnside,Persons,2015-2019,29,12.3,13,12.7
South Australia,40104,Campbelltown (SA),Persons,2015-2019,32,11.9,13,12.7
South Australia,40105,Norwood - Payneham - St Peters,Persons,2015-2019,34,16.3,13,12.7
South Australia,40106,Prospect - Walkerville,Persons,2015-2019,20,12.7,13,12.7
South Australia,40107,Unley,Persons,2015-2019,17,0,13,12.7
South Australia,40201,Gawler - Two Wells,Persons,2015-2019,25,14.8,13,12.7
South Australia,40202,Playford,Persons,2015-2019,65,15.3,13,12.7
South Australia,40203,Port Adelaide - East,Persons,2015-2019,38,10.4,13,12.7
South Australia,40204,Salisbury,Persons,2015-2019,106,15.2,13,12.7
South Australia,40205,Tea Tree Gully,Persons,2015-2019,45,8.8,13,12.7
South Australia,40301,Holdfast Bay,Persons,2015-2019,34,16.8,13,12.7
South Australia,40302,Marion,Persons,2015-2019,56,11.4,13,12.7
South Australia,40303,Mitcham,Persons,2015-2019,36,10.5,13,12.7
South Australia,40304,Onkaparinga,Persons,2015-2019,102,12.1,13,12.7
South Australia,40401,Charles Sturt,Persons,2015-2019,67,11.3,13,12.7
South Australia,40402,Port Adelaide - West,Persons,2015-2019,44,14.6,13,12.7
South Australia,40403,West Torrens,Persons,2015-2019,39,12.1,13,12.7
South Australia,40501,Barossa,Persons,2015-2019,20,11.8,13,12.7
South Australia,40502,Lower North,Persons,2015-2019,15,0,13,12.7
South Australia,40503,Mid North,Persons,2015-2019,20,15.3,13,12.7
South Australia,40504,Yorke Peninsula,Persons,2015-2019,24,16.9,13,12.7
South Australia,40601,Eyre Peninsula and South West,Persons,2015-2019,46,16.9,13,12.7
South Australia,40602,Outback - North and East,Persons,2015-2019,14,0,13,12.7
South Australia,40701,Fleurieu - Kangaroo Island,Persons,2015-2019,37,14.9,13,12.7
South Australia,40702,Limestone Coast,Persons,2015-2019,56,18.2,13,12.7
South Australia,40703,Murray and Mallee,Persons,2015-2019,54,16.6,13,12.7
Western Australia,50101,Augusta - Margaret River - Busselton,Persons,2015-2019,51,19.4,15.4,12.7
Western Australia,50102,Bunbury,Persons,2015-2019,90,18.2,15.4,12.7
Western Australia,50103,Manjimup,Persons,2015-2019,21,16.3,15.4,12.7
Western Australia,50201,Mandurah,Persons,2015-2019,92,19.6,15.4,12.7
Western Australia,50301,Cottesloe - Claremont,Persons,2015-2019,46,13.6,15.4,12.7
Western Australia,50302,Perth City,Persons,2015-2019,76,13.3,15.4,12.7
Western Australia,50401,Bayswater - Bassendean,Persons,2015-2019,65,15.2,15.4,12.7
Western Australia,50402,Mundaring,Persons,2015-2019,38,17.9,15.4,12.7
Western Australia,50403,Swan,Persons,2015-2019,106,16,15.4,12.7
Western Australia,50501,Joondalup,Persons,2015-2019,106,13.8,15.4,12.7
Western Australia,50502,Stirling,Persons,2015-2019,140,13.2,15.4,12.7
Western Australia,50503,Wanneroo,Persons,2015-2019,119,12.4,15.4,12.7
Western Australia,50601,Armadale,Persons,2015-2019,61,14.5,15.4,12.7
Western Australia,50602,Belmont - Victoria Park,Persons,2015-2019,47,12.4,15.4,12.7
Western Australia,50603,Canning,Persons,2015-2019,47,9.5,15.4,12.7
Western Australia,50604,Gosnells,Persons,2015-2019,95,15.5,15.4,12.7
Western Australia,50605,Kalamunda,Persons,2015-2019,49,17,15.4,12.7
Western Australia,50606,Serpentine - Jarrahdale,Persons,2015-2019,18,0,15.4,12.7
Western Australia,50607,South Perth,Persons,2015-2019,29,12.5,15.4,12.7
Western Australia,50701,Cockburn,Persons,2015-2019,66,12.3,15.4,12.7
Western Australia,50702,Fremantle,Persons,2015-2019,31,15.3,15.4,12.7
Western Australia,50703,Kwinana,Persons,2015-2019,30,15.1,15.4,12.7
Western Australia,50704,Melville,Persons,2015-2019,53,10.4,15.4,12.7
Western Australia,50705,Rockingham,Persons,2015-2019,128,20,15.4,12.7
Western Australia,50901,Albany,Persons,2015-2019,45,15.5,15.4,12.7
Western Australia,50902,Wheat Belt - North,Persons,2015-2019,53,20,15.4,12.7
Western Australia,50903,Wheat Belt - South,Persons,2015-2019,22,23.6,15.4,12.7
Western Australia,51001,Kimberley,Persons,2015-2019,61,35.6,15.4,12.7
Western Australia,51002,East Pilbara,Persons,2015-2019,26,17.5,15.4,12.7
Western Australia,51003,West Pilbara,Persons,2015-2019,22,12.2,15.4,12.7
Western Australia,51101,Esperance,Persons,2015-2019,9,0,15.4,12.7
Western Australia,51102,Gascoyne,Persons,2015-2019,11,0,15.4,12.7
Western Australia,51103,Goldfields,Persons,2015-2019,49,24.7,15.4,12.7
Western Australia,51104,Mid West,Persons,2015-2019,64,23.7,15.4,12.7
Tasmania,60101,Brighton,Persons,2015-2019,11,0,16.6,12.7
Tasmania,60102,Hobart - North East,Persons,2015-2019,37,13.5,16.6,12.7
Tasmania,60103,Hobart - North West,Persons,2015-2019,53,18.5,16.6,12.7
Tasmania,60104,Hobart - South and West,Persons,2015-2019,22,12.9,16.6,12.7
Tasmania,60105,Hobart Inner,Persons,2015-2019,40,14.4,16.6,12.7
Tasmania,60106,Sorell - Dodges Ferry,Persons,2015-2019,15,0,16.6,12.7
Tasmania,60201,Launceston,Persons,2015-2019,66,15.8,16.6,12.7
Tasmania,60202,Meander Valley - West Tamar,Persons,2015-2019,27,22.3,16.6,12.7
Tasmania,60203,North East,Persons,2015-2019,43,21.1,16.6,12.7
Tasmania,60301,Central Highlands (Tas.),Persons,2015-2019,15,0,16.6,12.7
Tasmania,60302,Huon - Bruny Island,Persons,2015-2019,15,0,16.6,12.7
Tasmania,60303,South East Coast,Persons,2015-2019,7,0,16.6,12.7
Tasmania,60401,Burnie - Ulverstone,Persons,2015-2019,39,16.4,16.6,12.7
Tasmania,60402,Devonport,Persons,2015-2019,33,15,16.6,12.7
Tasmania,60403,West Coast,Persons,2015-2019,16,0,16.6,12.7
Northern Territory,70101,Darwin City,Persons,2015-2019,26,19,20,12.7
Northern Territory,70102,Darwin Suburbs,Persons,2015-2019,40,14.9,20,12.7
Northern Territory,70103,Litchfield,Persons,2015-2019,28,22,20,12.7
Northern Territory,70104,Palmerston,Persons,2015-2019,21,13.5,20,12.7
Northern Territory,70201,Alice Springs,Persons,2015-2019,46,22.7,20,12.7
Northern Territory,70202,Barkly,Persons,2015-2019,11,0,20,12.7
Northern Territory,70203,Daly - Tiwi - West Arnhem,Persons,2015-2019,17,0,20,12.7
Northern Territory,70204,East Arnhem,Persons,2015-2019,22,26.9,20,12.7
Northern Territory,70205,Katherine,Persons,2015-2019,23,20.6,20,12.7
Australian Capital Territory,80101,Belconnen,Persons,2015-2019,57,11.5,11.3,12.7
Australian Capital Territory,80103,Canberra East,Persons,2015-2019,2,0,11.3,12.7
Australian Capital Territory,80104,Gungahlin,Persons,2015-2019,21,6.7,11.3,12.7
Australian Capital Territory,80105,North Canberra,Persons,2015-2019,36,12.1,11.3,12.7
Australian Capital Territory,80106,South Canberra,Persons,2015-2019,21,13.1,11.3,12.7
Australian Capital Territory,80107,Tuggeranong,Persons,2015-2019,58,14.2,11.3,12.7
Australian Capital Territory,80108,Weston Creek,Persons,2015-2019,10,0,11.3,12.7
Australian Capital Territory,80109,Woden Valley,Persons,2015-2019,26,13.7,11.3,12.7
Australian Capital Territory,80110,Molonglo,Persons,2015-2019,4,0,11.3,12.7
New South Wales,10102,Queanbeyan,Persons,2016-2020,43,14,11.1,12.5
New South Wales,10103,Snowy Mountains,Persons,2016-2020,14,0,11.1,12.5
New South Wales,10104,South Coast,Persons,2016-2020,66,20.5,11.1,12.5
New South Wales,10105,Goulburn - Mulwaree,Persons,2016-2020,27,12.8,11.1,12.5
New South Wales,10106,Young - Yass,Persons,2016-2020,32,18.3,11.1,12.5
New South Wales,10201,Gosford,Persons,2016-2020,115,13,11.1,12.5
New South Wales,10202,Wyong,Persons,2016-2020,133,16.3,11.1,12.5
New South Wales,10301,Bathurst,Persons,2016-2020,29,12,11.1,12.5
New South Wales,10302,Lachlan Valley,Persons,2016-2020,48,19.9,11.1,12.5
New South Wales,10303,Lithgow - Mudgee,Persons,2016-2020,38,17.1,11.1,12.5
New South Wales,10304,Orange,Persons,2016-2020,35,12.1,11.1,12.5
New South Wales,10401,Clarence Valley,Persons,2016-2020,49,22.1,11.1,12.5
New South Wales,10402,Coffs Harbour,Persons,2016-2020,74,16.9,11.1,12.5
New South Wales,10501,Bourke - Cobar - Coonamble,Persons,2016-2020,13,0,11.1,12.5
New South Wales,10502,Broken Hill and Far West,Persons,2016-2020,28,26,11.1,12.5
New South Wales,10503,Dubbo,Persons,2016-2020,59,16.2,11.1,12.5
New South Wales,10601,Lower Hunter,Persons,2016-2020,70,16.1,11.1,12.5
New South Wales,10602,Maitland,Persons,2016-2020,54,13.8,11.1,12.5
New South Wales,10603,Port Stephens,Persons,2016-2020,58,14.6,11.1,12.5
New South Wales,10604,Upper Hunter,Persons,2016-2020,33,22.6,11.1,12.5
New South Wales,10701,Dapto - Port Kembla,Persons,2016-2020,42,11.1,11.1,12.5
New South Wales,10703,Kiama - Shellharbour,Persons,2016-2020,63,14.3,11.1,12.5
New South Wales,10704,Wollongong,Persons,2016-2020,78,11.1,11.1,12.5
New South Wales,10801,Great Lakes,Persons,2016-2020,26,18.7,11.1,12.5
New South Wales,10802,Kempsey - Nambucca,Persons,2016-2020,46,19.5,11.1,12.5
New South Wales,10804,Port Macquarie,Persons,2016-2020,57,14.9,11.1,12.5
New South Wales,10805,Taree - Gloucester,Persons,2016-2020,50,18.1,11.1,12.5
New South Wales,10901,Albury,Persons,2016-2020,62,20,11.1,12.5
New South Wales,10902,Lower Murray,Persons,2016-2020,15,0,11.1,12.5
New South Wales,10903,Upper Murray exc. Albury,Persons,2016-2020,34,18.9,11.1,12.5
New South Wales,11001,Armidale,Persons,2016-2020,17,0,11.1,12.5
New South Wales,11002,Inverell - Tenterfield,Persons,2016-2020,36,19,11.1,12.5
New South Wales,11003,Moree - Narrabri,Persons,2016-2020,19,0,11.1,12.5
New South Wales,11004,Tamworth - Gunnedah,Persons,2016-2020,70,16.7,11.1,12.5
New South Wales,11101,Lake Macquarie - East,Persons,2016-2020,92,15.7,11.1,12.5
New South Wales,11102,Lake Macquarie - West,Persons,2016-2020,63,16.4,11.1,12.5
New South Wales,11103,Newcastle,Persons,2016-2020,115,13.2,11.1,12.5
New South Wales,11201,Richmond Valley - Coastal,Persons,2016-2020,71,18.3,11.1,12.5
New South Wales,11202,Richmond Valley - Hinterland,Persons,2016-2020,68,19.6,11.1,12.5
New South Wales,11203,Tweed Valley,Persons,2016-2020,76,17.4,11.1,12.5
New South Wales,11301,Griffith - Murrumbidgee (West),Persons,2016-2020,38,15.5,11.1,12.5
New South Wales,11302,Tumut - Tumbarumba,Persons,2016-2020,11,0,11.1,12.5
New South Wales,11303,Wagga Wagga,Persons,2016-2020,82,17.6,11.1,12.5
New South Wales,11401,Shoalhaven,Persons,2016-2020,96,19,11.1,12.5
New South Wales,11402,Southern Highlands,Persons,2016-2020,38,16.8,11.1,12.5
New South Wales,11501,Baulkham Hills,Persons,2016-2020,40,5.1,11.1,12.5
New South Wales,11502,Dural - Wisemans Ferry,Persons,2016-2020,12,0,11.1,12.5
New South Wales,11503,Hawkesbury,Persons,2016-2020,17,0,11.1,12.5
New South Wales,11504,Rouse Hill - McGraths Hill,Persons,2016-2020,11,0,11.1,12.5
New South Wales,11601,Blacktown,Persons,2016-2020,50,6.8,11.1,12.5
New South Wales,11602,Blacktown - North,Persons,2016-2020,32,5.9,11.1,12.5
New South Wales,11603,Mount Druitt,Persons,2016-2020,60,10.6,11.1,12.5
New South Wales,11701,Botany,Persons,2016-2020,25,9,11.1,12.5
New South Wales,11702,Marrickville - Sydenham - Petersham,Persons,2016-2020,30,9.8,11.1,12.5
New South Wales,11703,Sydney Inner City,Persons,2016-2020,170,13.9,11.1,12.5
New South Wales,11801,Eastern Suburbs - North,Persons,2016-2020,70,9.5,11.1,12.5
New South Wales,11802,Eastern Suburbs - South,Persons,2016-2020,75,9.4,11.1,12.5
New South Wales,11901,Bankstown,Persons,2016-2020,69,7.5,11.1,12.5
New South Wales,11902,Canterbury,Persons,2016-2020,47,6.1,11.1,12.5
New South Wales,11903,Hurstville,Persons,2016-2020,49,6.9,11.1,12.5
New South Wales,11904,Kogarah - Rockdale,Persons,2016-2020,55,6.8,11.1,12.5
New South Wales,12001,Canada Bay,Persons,2016-2020,36,7.6,11.1,12.5
New South Wales,12002,Leichhardt,Persons,2016-2020,29,9,11.1,12.5
New South Wales,12003,Strathfield - Burwood - Ashfield,Persons,2016-2020,67,7.7,11.1,12.5
New South Wales,12101,Chatswood - Lane Cove,Persons,2016-2020,44,7.4,11.1,12.5
New South Wales,12102,Hornsby,Persons,2016-2020,47,10.9,11.1,12.5
New South Wales,12103,Ku-ring-gai,Persons,2016-2020,48,8.1,11.1,12.5
New South Wales,12104,North Sydney - Mosman,Persons,2016-2020,52,9.3,11.1,12.5
New South Wales,12201,Manly,Persons,2016-2020,19,0,11.1,12.5
New South Wales,12202,Pittwater,Persons,2016-2020,29,8.7,11.1,12.5
New South Wales,12203,Warringah,Persons,2016-2020,59,6.9,11.1,12.5
New South Wales,12301,Camden,Persons,2016-2020,31,9.3,11.1,12.5
New South Wales,12302,Campbelltown (NSW),Persons,2016-2020,87,10.3,11.1,12.5
New South Wales,12303,Wollondilly,Persons,2016-2020,30,13.4,11.1,12.5
New South Wales,12401,Blue Mountains,Persons,2016-2020,53,13.2,11.1,12.5
New South Wales,12403,Penrith,Persons,2016-2020,86,11.6,11.1,12.5
New South Wales,12404,Richmond - Windsor,Persons,2016-2020,19,0,11.1,12.5
New South Wales,12405,St Marys,Persons,2016-2020,32,11.3,11.1,12.5
New South Wales,12501,Auburn,Persons,2016-2020,39,7.3,11.1,12.5
New South Wales,12502,Carlingford,Persons,2016-2020,36,9.8,11.1,12.5
New South Wales,12503,Merrylands - Guildford,Persons,2016-2020,56,6.9,11.1,12.5
New South Wales,12504,Parramatta,Persons,2016-2020,42,5.5,11.1,12.5
New South Wales,12601,Pennant Hills - Epping,Persons,2016-2020,12,0,11.1,12.5
New South Wales,12602,Ryde - Hunters Hill,Persons,2016-2020,58,7.6,11.1,12.5
New South Wales,12701,Bringelly - Green Valley,Persons,2016-2020,43,7.6,11.1,12.5
New South Wales,12702,Fairfield,Persons,2016-2020,67,6.8,11.1,12.5
New South Wales,12703,Liverpool,Persons,2016-2020,42,6.7,11.1,12.5
New South Wales,12801,Cronulla - Miranda - Caringbah,Persons,2016-2020,54,8.9,11.1,12.5
New South Wales,12802,Sutherland - Menai - Heathcote,Persons,2016-2020,55,9.6,11.1,12.5
Victoria,20101,Ballarat,Persons,2016-2020,83,15.7,10.5,12.5
Victoria,20102,Creswick - Daylesford - Ballan,Persons,2016-2020,24,15.9,10.5,12.5
Victoria,20103,Maryborough - Pyrenees,Persons,2016-2020,14,0,10.5,12.5
Victoria,20201,Bendigo,Persons,2016-2020,69,14.5,10.5,12.5
Victoria,20202,Heathcote - Castlemaine - Kyneton,Persons,2016-2020,41,18.2,10.5,12.5
Victoria,20203,Loddon - Elmore,Persons,2016-2020,7,0,10.5,12.5
Victoria,20301,Barwon - West,Persons,2016-2020,22,23.4,10.5,12.5
Victoria,20302,Geelong,Persons,2016-2020,137,13.1,10.5,12.5
Victoria,20303,Surf Coast - Bellarine Peninsula,Persons,2016-2020,45,12.7,10.5,12.5
Victoria,20401,Upper Goulburn Valley,Persons,2016-2020,42,14.4,10.5,12.5
Victoria,20402,Wangaratta - Benalla,Persons,2016-2020,48,22,10.5,12.5
Victoria,20403,Wodonga - Alpine,Persons,2016-2020,44,12.4,10.5,12.5
Victoria,20501,Baw Baw,Persons,2016-2020,28,11.4,10.5,12.5
Victoria,20502,Gippsland - East,Persons,2016-2020,45,23.5,10.5,12.5
Victoria,20503,Gippsland - South West,Persons,2016-2020,39,12.9,10.5,12.5
Victoria,20504,Latrobe Valley,Persons,2016-2020,59,16.3,10.5,12.5
Victoria,20505,Wellington,Persons,2016-2020,31,13.5,10.5,12.5
Victoria,20601,Brunswick - Coburg,Persons,2016-2020,49,8.8,10.5,12.5
Victoria,20602,Darebin - South,Persons,2016-2020,28,9.4,10.5,12.5
Victoria,20603,Essendon,Persons,2016-2020,28,6.8,10.5,12.5
Victoria,20604,Melbourne City,Persons,2016-2020,77,9.2,10.5,12.5
Victoria,20605,Port Phillip,Persons,2016-2020,75,12.3,10.5,12.5
Victoria,20606,Stonnington - West,Persons,2016-2020,34,9.6,10.5,12.5
Victoria,20607,Yarra,Persons,2016-2020,52,9.6,10.5,12.5
Victoria,20701,Boroondara,Persons,2016-2020,83,9,10.5,12.5
Victoria,20702,Manningham - West,Persons,2016-2020,38,7.3,10.5,12.5
Victoria,20703,Whitehorse - West,Persons,2016-2020,37,6.7,10.5,12.5
Victoria,20801,Bayside,Persons,2016-2020,52,9.7,10.5,12.5
Victoria,20802,Glen Eira,Persons,2016-2020,79,9.3,10.5,12.5
Victoria,20803,Kingston,Persons,2016-2020,68,10.3,10.5,12.5
Victoria,20804,Stonnington - East,Persons,2016-2020,17,0,10.5,12.5
Victoria,20901,Banyule,Persons,2016-2020,49,7.1,10.5,12.5
Victoria,20902,Darebin - North,Persons,2016-2020,50,9.4,10.5,12.5
Victoria,20903,Nillumbik - Kinglake,Persons,2016-2020,33,9.8,10.5,12.5
Victoria,20904,Whittlesea - Wallan,Persons,2016-2020,96,8.1,10.5,12.5
Victoria,21001,Keilor,Persons,2016-2020,21,6.6,10.5,12.5
Victoria,21002,Macedon Ranges,Persons,2016-2020,15,0,10.5,12.5
Victoria,21003,Moreland - North,Persons,2016-2020,40,9.6,10.5,12.5
Victoria,21004,Sunbury,Persons,2016-2020,30,13.8,10.5,12.5
Victoria,21005,Tullamarine - Broadmeadows,Persons,2016-2020,62,7.1,10.5,12.5
Victoria,21101,Knox,Persons,2016-2020,85,10.3,10.5,12.5
Victoria,21102,Manningham - East,Persons,2016-2020,13,0,10.5,12.5
Victoria,21103,Maroondah,Persons,2016-2020,68,11.5,10.5,12.5
Victoria,21104,Whitehorse - East,Persons,2016-2020,26,7.7,10.5,12.5
Victoria,21105,Yarra Ranges,Persons,2016-2020,88,11.7,10.5,12.5
Victoria,21201,Cardinia,Persons,2016-2020,62,11.9,10.5,12.5
Victoria,21202,Casey - North,Persons,2016-2020,76,10.5,10.5,12.5
Victoria,21203,Casey - South,Persons,2016-2020,79,8.2,10.5,12.5
Victoria,21204,Dandenong,Persons,2016-2020,77,7.4,10.5,12.5
Victoria,21205,Monash,Persons,2016-2020,71,7.3,10.5,12.5
Victoria,21301,Brimbank,Persons,2016-2020,81,7.9,10.5,12.5
Victoria,21302,Hobsons Bay,Persons,2016-2020,48,9.9,10.5,12.5
Victoria,21303,Maribyrnong,Persons,2016-2020,40,8,10.5,12.5
Victoria,21304,Melton - Bacchus Marsh,Persons,2016-2020,82,9.4,10.5,12.5
Victoria,21305,Wyndham,Persons,2016-2020,108,8.7,10.5,12.5
Victoria,21401,Frankston,Persons,2016-2020,116,16.6,10.5,12.5
Victoria,21402,Mornington Peninsula,Persons,2016-2020,106,13.1,10.5,12.5
Victoria,21501,Grampians,Persons,2016-2020,46,15,10.5,12.5
Victoria,21502,Mildura,Persons,2016-2020,49,18.4,10.5,12.5
Victoria,21503,Murray River - Swan Hill,Persons,2016-2020,29,15.2,10.5,12.5
Victoria,21601,Campaspe,Persons,2016-2020,21,11.4,10.5,12.5
Victoria,21602,Moira,Persons,2016-2020,17,0,10.5,12.5
Victoria,21603,Shepparton,Persons,2016-2020,40,12.8,10.5,12.5
Victoria,21701,Glenelg - Southern Grampians,Persons,2016-2020,28,16.1,10.5,12.5
Victoria,21703,Colac - Corangamite,Persons,2016-2020,18,0,10.5,12.5
Victoria,21704,Warrnambool,Persons,2016-2020,33,12.5,10.5,12.5
Queensland,30101,Capalaba,Persons,2016-2020,60,17.1,15.4,12.5
Queensland,30102,Cleveland - Stradbroke,Persons,2016-2020,53,12.5,15.4,12.5
Queensland,30103,Wynnum - Manly,Persons,2016-2020,47,13.1,15.4,12.5
Queensland,30201,Bald Hills - Everton Park,Persons,2016-2020,20,8.8,15.4,12.5
Queensland,30202,Chermside,Persons,2016-2020,43,11.4,15.4,12.5
Queensland,30203,Nundah,Persons,2016-2020,24,10.3,15.4,12.5
Queensland,30204,Sandgate,Persons,2016-2020,41,13.3,15.4,12.5
Queensland,30301,Carindale,Persons,2016-2020,35,12.7,15.4,12.5
Queensland,30302,Holland Park - Yeronga,Persons,2016-2020,51,12.7,15.4,12.5
Queensland,30303,Mt Gravatt,Persons,2016-2020,38,9.7,15.4,12.5
Queensland,30304,Nathan,Persons,2016-2020,28,13.4,15.4,12.5
Queensland,30305,Rocklea - Acacia Ridge,Persons,2016-2020,39,11.9,15.4,12.5
Queensland,30306,Sunnybank,Persons,2016-2020,19,0,15.4,12.5
Queensland,30401,Centenary,Persons,2016-2020,12,0,15.4,12.5
Queensland,30402,Kenmore - Brookfield - Moggill,Persons,2016-2020,14,0,15.4,12.5
Queensland,30403,Sherwood - Indooroopilly,Persons,2016-2020,26,8.8,15.4,12.5
Queensland,30404,The Gap - Enoggera,Persons,2016-2020,22,8.1,15.4,12.5
Queensland,30501,Brisbane Inner,Persons,2016-2020,76,16.5,15.4,12.5
Queensland,30502,Brisbane Inner - East,Persons,2016-2020,34,14.7,15.4,12.5
Queensland,30503,Brisbane Inner - North,Persons,2016-2020,66,13,15.4,12.5
Queensland,30504,Brisbane Inner - West,Persons,2016-2020,30,9.5,15.4,12.5
Queensland,30601,Cairns - North,Persons,2016-2020,54,20.1,15.4,12.5
Queensland,30602,Cairns - South,Persons,2016-2020,109,20.7,15.4,12.5
Queensland,30603,Innisfail - Cassowary Coast,Persons,2016-2020,26,14.7,15.4,12.5
Queensland,30604,Port Douglas - Daintree,Persons,2016-2020,11,0,15.4,12.5
Queensland,30605,Tablelands (East) - Kuranda,Persons,2016-2020,51,25.7,15.4,12.5
Queensland,30701,Darling Downs (West) - Maranoa,Persons,2016-2020,32,15.4,15.4,12.5
Queensland,30702,Darling Downs - East,Persons,2016-2020,37,18.1,15.4,12.5
Queensland,30703,Granite Belt,Persons,2016-2020,29,16.5,15.4,12.5
Queensland,30801,Central Highlands (Qld),Persons,2016-2020,30,21.5,15.4,12.5
Queensland,30803,Rockhampton,Persons,2016-2020,111,19.3,15.4,12.5
Queensland,30804,Biloela,Persons,2016-2020,11,0,15.4,12.5
Queensland,30805,Gladstone,Persons,2016-2020,67,22.3,15.4,12.5
Queensland,30901,Broadbeach - Burleigh,Persons,2016-2020,39,10.8,15.4,12.5
Queensland,30902,Coolangatta,Persons,2016-2020,45,15.6,15.4,12.5
Queensland,30903,Gold Coast - North,Persons,2016-2020,48,13.3,15.4,12.5
Queensland,30904,Gold Coast Hinterland,Persons,2016-2020,13,0,15.4,12.5
Queensland,30905,Mudgeeraba - Tallebudgera,Persons,2016-2020,24,13.5,15.4,12.5
Queensland,30906,Nerang,Persons,2016-2020,55,14.8,15.4,12.5
Queensland,30907,Ormeau - Oxenford,Persons,2016-2020,85,13.3,15.4,12.5
Queensland,30908,Robina,Persons,2016-2020,30,11,15.4,12.5
Queensland,30909,Southport,Persons,2016-2020,46,13.4,15.4,12.5
Queensland,30910,Surfers Paradise,Persons,2016-2020,52,20.9,15.4,12.5
Queensland,31001,Forest Lake - Oxley,Persons,2016-2020,45,11.5,15.4,12.5
Queensland,31002,Ipswich Hinterland,Persons,2016-2020,66,19.6,15.4,12.5
Queensland,31003,Ipswich Inner,Persons,2016-2020,98,17.9,15.4,12.5
Queensland,31004,Springfield - Redbank,Persons,2016-2020,68,15.1,15.4,12.5
Queensland,31101,Beaudesert,Persons,2016-2020,10,0,15.4,12.5
Queensland,31102,Beenleigh,Persons,2016-2020,45,21.7,15.4,12.5
Queensland,31103,Browns Plains,Persons,2016-2020,78,19.1,15.4,12.5
Queensland,31104,Jimboomba,Persons,2016-2020,41,16.6,15.4,12.5
Queensland,31105,Loganlea - Carbrook,Persons,2016-2020,41,13,15.4,12.5
Queensland,31106,Springwood - Kingston,Persons,2016-2020,58,15,15.4,12.5
Queensland,31201,Bowen Basin - North,Persons,2016-2020,25,15.8,15.4,12.5
Queensland,31202,Mackay,Persons,2016-2020,113,20,15.4,12.5
Queensland,31203,Whitsunday,Persons,2016-2020,24,21.3,15.4,12.5
Queensland,31301,Bribie - Beachmere,Persons,2016-2020,31,17.9,15.4,12.5
Queensland,31302,Caboolture,Persons,2016-2020,57,16.3,15.4,12.5
Queensland,31303,Caboolture Hinterland,Persons,2016-2020,12,0,15.4,12.5
Queensland,31304,Narangba - Burpengary,Persons,2016-2020,53,16.6,15.4,12.5
Queensland,31305,Redcliffe,Persons,2016-2020,72,24.8,15.4,12.5
Queensland,31401,The Hills District,Persons,2016-2020,50,11.2,15.4,12.5
Queensland,31402,North Lakes,Persons,2016-2020,48,12.3,15.4,12.5
Queensland,31403,Strathpine,Persons,2016-2020,33,17.1,15.4,12.5
Queensland,31501,Far North,Persons,2016-2020,35,22.1,15.4,12.5
Queensland,31502,Outback - North,Persons,2016-2020,40,26.8,15.4,12.5
Queensland,31503,Outback - South,Persons,2016-2020,21,24.7,15.4,12.5
Queensland,31601,Buderim,Persons,2016-2020,31,11,15.4,12.5
Queensland,31602,Caloundra,Persons,2016-2020,51,12,15.4,12.5
Queensland,31603,Maroochy,Persons,2016-2020,28,9.2,15.4,12.5
Queensland,31605,Noosa,Persons,2016-2020,44,17.7,15.4,12.5
Queensland,31606,Sunshine Coast Hinterland,Persons,2016-2020,26,10.4,15.4,12.5
Queensland,31607,Nambour,Persons,2016-2020,28,13.1,15.4,12.5
Queensland,31608,Noosa Hinterland,Persons,2016-2020,19,0,15.4,12.5
Queensland,31701,Toowoomba,Persons,2016-2020,120,16.2,15.4,12.5
Queensland,31801,Charters Towers - Ayr - Ingham,Persons,2016-2020,34,17.7,15.4,12.5
Queensland,31802,Townsville,Persons,2016-2020,170,17.5,15.4,12.5
Queensland,31901,Bundaberg,Persons,2016-2020,98,23.3,15.4,12.5
Queensland,31902,Burnett,Persons,2016-2020,71,31.2,15.4,12.5
Queensland,31903,Gympie - Cooloola,Persons,2016-2020,46,18,15.4,12.5
Queensland,31904,Hervey Bay,Persons,2016-2020,61,21.4,15.4,12.5
Queensland,31905,Maryborough,Persons,2016-2020,41,19.5,15.4,12.5
South Australia,40101,Adelaide City,Persons,2016-2020,21,15.1,13,12.5
South Australia,40102,Adelaide Hills,Persons,2016-2020,29,7.8,13,12.5
South Australia,40103,Burnside,Persons,2016-2020,29,11.9,13,12.5
South Australia,40104,Campbelltown (SA),Persons,2016-2020,36,12.9,13,12.5
South Australia,40105,Norwood - Payneham - St Peters,Persons,2016-2020,30,14.7,13,12.5
South Australia,40106,Prospect - Walkerville,Persons,2016-2020,19,0,13,12.5
South Australia,40107,Unley,Persons,2016-2020,19,0,13,12.5
South Australia,40201,Gawler - Two Wells,Persons,2016-2020,23,13.4,13,12.5
South Australia,40202,Playford,Persons,2016-2020,67,15.2,13,12.5
South Australia,40203,Port Adelaide - East,Persons,2016-2020,38,10.3,13,12.5
South Australia,40204,Salisbury,Persons,2016-2020,102,14.6,13,12.5
South Australia,40205,Tea Tree Gully,Persons,2016-2020,43,8.4,13,12.5
South Australia,40301,Holdfast Bay,Persons,2016-2020,33,16.2,13,12.5
South Australia,40302,Marion,Persons,2016-2020,66,13.6,13,12.5
South Australia,40303,Mitcham,Persons,2016-2020,24,7.4,13,12.5
South Australia,40304,Onkaparinga,Persons,2016-2020,106,12.5,13,12.5
South Australia,40401,Charles Sturt,Persons,2016-2020,67,11.2,13,12.5
South Australia,40402,Port Adelaide - West,Persons,2016-2020,45,14.7,13,12.5
South Australia,40403,West Torrens,Persons,2016-2020,34,10.5,13,12.5
South Australia,40501,Barossa,Persons,2016-2020,18,0,13,12.5
South Australia,40502,Lower North,Persons,2016-2020,18,0,13,12.5
South Australia,40503,Mid North,Persons,2016-2020,24,18,13,12.5
South Australia,40504,Yorke Peninsula,Persons,2016-2020,26,17.4,13,12.5
South Australia,40601,Eyre Peninsula and South West,Persons,2016-2020,44,16.2,13,12.5
South Australia,40602,Outback - North and East,Persons,2016-2020,17,0,13,12.5
South Australia,40701,Fleurieu - Kangaroo Island,Persons,2016-2020,46,19.4,13,12.5
South Australia,40702,Limestone Coast,Persons,2016-2020,58,18.9,13,12.5
South Australia,40703,Murray and Mallee,Persons,2016-2020,51,15.8,13,12.5
Western Australia,50101,Augusta - Margaret River - Busselton,Persons,2016-2020,50,18.9,15.1,12.5
Western Australia,50102,Bunbury,Persons,2016-2020,85,17.6,15.1,12.5
Western Australia,50103,Manjimup,Persons,2016-2020,21,16.3,15.1,12.5
Western Australia,50201,Mandurah,Persons,2016-2020,92,19.1,15.1,12.5
Western Australia,50301,Cottesloe - Claremont,Persons,2016-2020,41,12.4,15.1,12.5
Western Australia,50302,Perth City,Persons,2016-2020,77,13.3,15.1,12.5
Western Australia,50401,Bayswater - Bassendean,Persons,2016-2020,57,13.2,15.1,12.5
Western Australia,50402,Mundaring,Persons,2016-2020,45,21.2,15.1,12.5
Western Australia,50403,Swan,Persons,2016-2020,108,15.9,15.1,12.5
Western Australia,50501,Joondalup,Persons,2016-2020,102,13.7,15.1,12.5
Western Australia,50502,Stirling,Persons,2016-2020,147,13.9,15.1,12.5
Western Australia,50503,Wanneroo,Persons,2016-2020,120,12.1,15.1,12.5
Western Australia,50601,Armadale,Persons,2016-2020,64,15,15.1,12.5
Western Australia,50602,Belmont - Victoria Park,Persons,2016-2020,49,12.7,15.1,12.5
Western Australia,50603,Canning,Persons,2016-2020,46,9.2,15.1,12.5
Western Australia,50604,Gosnells,Persons,2016-2020,96,15.8,15.1,12.5
Western Australia,50605,Kalamunda,Persons,2016-2020,48,16.2,15.1,12.5
Western Australia,50606,Serpentine - Jarrahdale,Persons,2016-2020,17,0,15.1,12.5
Western Australia,50607,South Perth,Persons,2016-2020,27,11.7,15.1,12.5
Western Australia,50701,Cockburn,Persons,2016-2020,67,12.3,15.1,12.5
Western Australia,50702,Fremantle,Persons,2016-2020,28,14,15.1,12.5
Western Australia,50703,Kwinana,Persons,2016-2020,28,13.6,15.1,12.5
Western Australia,50704,Melville,Persons,2016-2020,48,9.8,15.1,12.5
Western Australia,50705,Rockingham,Persons,2016-2020,114,17.5,15.1,12.5
Western Australia,50901,Albany,Persons,2016-2020,43,15.3,15.1,12.5
Western Australia,50902,Wheat Belt - North,Persons,2016-2020,59,22.1,15.1,12.5
Western Australia,50903,Wheat Belt - South,Persons,2016-2020,21,20.9,15.1,12.5
Western Australia,51001,Kimberley,Persons,2016-2020,57,34,15.1,12.5
Western Australia,51002,East Pilbara,Persons,2016-2020,28,18.5,15.1,12.5
Western Australia,51003,West Pilbara,Persons,2016-2020,23,11,15.1,12.5
Western Australia,51101,Esperance,Persons,2016-2020,6,0,15.1,12.5
Western Australia,51102,Gascoyne,Persons,2016-2020,9,0,15.1,12.5
Western Australia,51103,Goldfields,Persons,2016-2020,49,25.3,15.1,12.5
Western Australia,51104,Mid West,Persons,2016-2020,71,27.8,15.1,12.5
Tasmania,60101,Brighton,Persons,2016-2020,11,0,16.5,12.5
Tasmania,60102,Hobart - North East,Persons,2016-2020,48,17.6,16.5,12.5
Tasmania,60103,Hobart - North West,Persons,2016-2020,53,18.3,16.5,12.5
Tasmania,60104,Hobart - South and West,Persons,2016-2020,24,13.2,16.5,12.5
Tasmania,60105,Hobart Inner,Persons,2016-2020,42,14.5,16.5,12.5
Tasmania,60106,Sorell - Dodges Ferry,Persons,2016-2020,16,0,16.5,12.5
Tasmania,60201,Launceston,Persons,2016-2020,56,13.4,16.5,12.5
Tasmania,60202,Meander Valley - West Tamar,Persons,2016-2020,23,18.2,16.5,12.5
Tasmania,60203,North East,Persons,2016-2020,40,19.4,16.5,12.5
Tasmania,60301,Central Highlands (Tas.),Persons,2016-2020,16,0,16.5,12.5
Tasmania,60302,Huon - Bruny Island,Persons,2016-2020,18,0,16.5,12.5
Tasmania,60303,South East Coast,Persons,2016-2020,6,0,16.5,12.5
Tasmania,60401,Burnie - Ulverstone,Persons,2016-2020,37,15.3,16.5,12.5
Tasmania,60402,Devonport,Persons,2016-2020,37,17.2,16.5,12.5
Tasmania,60403,West Coast,Persons,2016-2020,15,0,16.5,12.5
Northern Territory,70101,Darwin City,Persons,2016-2020,22,16,20,12.5
Northern Territory,70102,Darwin Suburbs,Persons,2016-2020,37,13.8,20,12.5
Northern Territory,70103,Litchfield,Persons,2016-2020,29,21.5,20,12.5
Northern Territory,70104,Palmerston,Persons,2016-2020,26,15.1,20,12.5
Northern Territory,70201,Alice Springs,Persons,2016-2020,45,22.6,20,12.5
Northern Territory,70202,Barkly,Persons,2016-2020,13,0,20,12.5
Northern Territory,70203,Daly - Tiwi - West Arnhem,Persons,2016-2020,19,0,20,12.5
Northern Territory,70204,East Arnhem,Persons,2016-2020,21,25.4,20,12.5
Northern Territory,70205,Katherine,Persons,2016-2020,23,20.4,20,12.5
Australian Capital Territory,80101,Belconnen,Persons,2016-2020,63,12.6,11.6,12.5
Australian Capital Territory,80103,Canberra East,Persons,2016-2020,3,0,11.6,12.5
Australian Capital Territory,80104,Gungahlin,Persons,2016-2020,25,7.2,11.6,12.5
Australian Capital Territory,80105,North Canberra,Persons,2016-2020,46,15.1,11.6,12.5
Australian Capital Territory,80106,South Canberra,Persons,2016-2020,19,0,11.6,12.5
Australian Capital Territory,80107,Tuggeranong,Persons,2016-2020,48,11.7,11.6,12.5
Australian Capital Territory,80108,Weston Creek,Persons,2016-2020,13,0,11.6,12.5
Australian Capital Territory,80109,Woden Valley,Persons,2016-2020,25,12.7,11.6,12.5
Australian Capital Territory,80110,Molonglo,Persons,2016-2020,2,0,11.6,12.5
